Index,Gloss
0,1DOLLAR
1,5DOLLARS
2,8HOUR
3,9OCLOCK
4,A-LINEBOB
5,ABBREVIATE
6,ABOUT1
7,ABOUT2
8,ABOVE
9,ABSOLUTELYNOTHING
10,ACCENT
11,ACCEPT
12,ACCESS
13,ACCIDENT
14,ACCOMPLISH
15,ACCORDION
16,ACCOUNTANT
17,ACQUIRE
18,ACT
19,ACTION
20,ACTOR
21,ADD
22,ADDICT
23,ADDRESS
24,ADMIRE
25,ADMIT
26,ADOPT
27,ADULT
28,ADVANTAGE
29,ADVERTISE
30,AFRICA
31,AFTER
32,AFTERNOON
33,AGAIN
34,AGAINST
35,AGE
36,AGENCY
37,AGREEMENT
38,AIRPLANE
39,ALARM
40,ALASKA
41,ALCOHOL
42,ALIGN
43,ALITTLEBIT
44,ALL
45,ALLDAY
46,ALLGONE
47,ALLOFSUDDEN
48,ALLOVER
49,ALLOVERBODY
50,ALLTOGETHER
51,ALLWAY
52,ALONE
53,ALPHABET
54,ALRIGHT
55,ALWAYS
56,AMAZING
57,AMERICA
58,ANALYZE
59,AND
60,ANGEL
61,ANGRY
62,ANIMAL
63,ANNOUNCE
64,ANSWER
65,ANTLERS
66,ANY
67,ANYONE
68,APART
69,APPEAR
70,APPLE
71,APPOINTMENT
72,APRIL
73,ARCHEOLOGY
74,AREA
75,ARGUE
76,ARIZONA
77,ARM1
78,ARM2
79,ARM3
80,ARMY
81,ARREST1
82,ARREST2
83,ARREST3
84,ARRIVE
85,ART
86,ARTICLE
87,ARTICULATESIGN
88,ASIA
89,ASK
90,ASSEMBLY
91,ASSIGN
92,ASSIST
93,ASSISTANT
94,ASTRONAUT
95,AT
96,ATHLETE
97,ATLANTA
98,ATTENTION
99,ATTITUDE
100,AUDIENCE
101,AUDITORIUM
102,AUNT
103,AUSTRALIA
104,AUTISM1
105,AUTISM2
106,AUTOMATIC
107,AVERAGE
108,AVOID
109,AWAKE
110,AWARD
111,AWAY
112,AWKWARD
113,AXE1
114,AXE2
115,BABY1
116,BABY2
117,BABYSITTER
118,BACHELOR
119,BACK
120,BACKOUT
121,BACKPACK1
122,BACKPACK2
123,BACKUP
124,BACKYARD
125,BACON
126,BAD
127,BADGE
128,BAG1
129,BAG2
130,BAKE1
131,BAKE2
132,BALANCE
133,BALD
134,BALL
135,BALLOON
136,BANANA1
137,BANANA2
138,BANANA3
139,BANANA4
140,BANDAGE
141,BANDAID1
142,BANDAID2
143,BANK
144,BAR
145,BARELY
146,BARK1
147,BARK2
148,BARK3
149,BARRETTE
150,BASEBALL
151,BASEBALLCAP
152,BASEMENT
153,BASIC
154,BASKET1
155,BASKET2
156,BASKETBALL1
157,BASKETBALL2
158,BASKETBALL3
159,BAT1
160,BAT2
161,BAT3
162,BATH
163,BATHROOM
164,BATHTUB
165,BATTERY
166,BEACH
167,BEAK
168,BEANIE
169,BEANS
170,BEAR
171,BEARD
172,BEAT
173,BEAVER
174,BECAUSE
175,BECOME
176,BED1
177,BED2
178,BEDROOM
179,BEE1
180,BEE2
181,BEER
182,BEFORE
183,BEG
184,BEHAVIOR
185,BEHIND
186,BELIEVE1
187,BELIEVE2
188,BELL
189,BELT1
190,BELT2
191,BEND
192,BENEFIT
193,BERRY
194,BEST
195,BET
196,BETTER
197,BETWEEN
198,BIB
199,BICYCLE
200,BIG
201,BIND
202,BINOCULARS
203,BIOLOGY
204,BIRD
205,BIRTH
206,BIRTHDAY
207,BISON
208,BITCH
209,BITE1
210,BITE2
211,BITEONARM
212,BITEONNECK
213,BLACK
214,BLACKBIRD
215,BLAME
216,BLANK
217,BLANKET
218,BLEED
219,BLESS
220,BLIND
221,BLINDS1
222,BLINDS2
223,BLINK
224,BLOND
225,BLOOD
226,BLOOM
227,BLOUSE
228,BLOW
229,BLOWCANDLE1
230,BLOWCANDLE2
231,BLOWMIND
232,BLUE
233,BLUR
234,BLUSH
235,BOARD
236,BOAT
237,BODY
238,BOIL1
239,BOIL2
240,BOILINGMAD
241,BOLT
242,BOMB
243,BONE
244,BOOK
245,BOOTS1
246,BOOTS2
247,BORED1
248,BORED2
249,BORROW
250,BOSS
251,BOSTON
252,BOTH
253,BOTHER
254,BOTTLE
255,BOTTOM
256,BOUNCE
257,BOW1
258,BOW2
259,BOW3
260,BOW4
261,BOWL
262,BOWLING1
263,BOWLING2
264,BOWTIE
265,BOX
266,BOXING
267,BOY
268,BOYFRIEND
269,BRA1
270,BRA2
271,BRA3
272,BRACELET
273,BRAG
274,BRAIDS
275,BRAILLE
276,BRAINSTORM
277,BRAINWASH
278,BRAVE
279,BREAD
280,BREAK
281,BREAKDOWN1
282,BREAKDOWN2
283,BREAKFAST1
284,BREAKFAST2
285,BREAKTIME
286,BREATHE
287,BRICK
288,BRIDESMAID
289,BRIDGE1
290,BRIDGE2
291,BRIGHT
292,BRING
293,BROTHER
294,BROWN
295,BRUSH
296,BUBBLES
297,BUCKLE1
298,BUCKLE2
299,BUDGET
300,BUFFALO
301,BUG
302,BUILDING
303,BULL
304,BULLDOZER
305,BULLSHIT
306,BUMPY
307,BUN
308,BURN
309,BURP
310,BURY1
311,BURY2
312,BURY3
313,BURY4
314,BUS
315,BUSINESS
316,BUSTED
317,BUSY
318,BUT
319,BUTTER
320,BUTTERFLY
321,BUTTONS
322,BUY
323,BYE
324,CABINET
325,CAFETERIA
326,CAKE
327,CALCULATOR
328,CALENDAR1
329,CALENDAR2
330,CALIFORNIA
331,CALL1
332,CALL2
333,CALLATTENTION
334,CALLTTY
335,CALM
336,CAMCORDER
337,CAMEL
338,CAMERA
339,CAMERAMAN
340,CAMPING
341,CAN1
342,CAN2
343,CANADA
344,CANCEL1
345,CANCEL2
346,CANCELLATION
347,CANCER1
348,CANCER2
349,CANDLE
350,CANDY1
351,CANDY2
352,CANNON
353,CANNOT
354,CANOE
355,CAPE
356,CAPTION
357,CAPTURE
358,CAR
359,CARACCIDENT
360,CARBATTERY
361,CARDS
362,CAREFUL
363,CAROUSEL
364,CARROT1
365,CARROT2
366,CARROT3
367,CARRY
368,CARVE
369,CASTLE1
370,CASTLE2
371,CASTLE3
372,CASTLE4
373,CASUAL
374,CAT1
375,CAT2
376,CAT3
377,CATAPULT
378,CATCH1
379,CATCH2
380,CATCH3
381,CATCHBASEBALL
382,CATEGORY
383,CATEPILLAR
384,CATHOLIC
385,CAUGHT
386,CAUSE
387,CEILING
388,CELEBRATE
389,CELERY
390,CELLPHONE
391,CEMETERY
392,CENTER
393,CEREAL
394,CERTIFICATE
395,CHAIN
396,CHAIR
397,CHALLENGE
398,CHAMP
399,CHAMPION
400,CHANCE
401,CHANGE
402,CHANNEL
403,CHAOS
404,CHARACTER
405,CHARGE
406,CHARGECARD
407,CHASE
408,CHAT
409,CHEAP
410,CHEAT1
411,CHEAT2
412,CHECK
413,CHEEK
414,CHEER
415,CHEERLEADER1
416,CHEERLEADER2
417,CHEESE
418,CHEESEGRATER
419,CHERISH
420,CHERRY1
421,CHERRY2
422,CHEW1
423,CHEW2
424,CHEW2MOUTH
425,CHEW3
426,CHEW4
427,CHICAGO
428,CHILD
429,CHILDREN
430,CHIMNEY
431,CHIN
432,CHINA
433,CHOCOLATE
434,CHOKE
435,CHOP
436,CHOPSTICKS
437,CHRISTMAS1
438,CHRISTMAS2
439,CHURCH
440,CHURN
441,CIGAR
442,CIGAR
443,CIGARETTE
444,CIRCLE
445,CIRCUSWHEEL
446,CITY1
447,CITY2
448,CLAP
449,CLASH
450,CLASS
451,CLAUSE
452,CLAW
453,CLEAN
454,CLEAR
455,CLEFTCHIN
456,CLICK
457,CLIENT
458,CLIMBLADDER
459,CLIP
460,CLOCK1
461,CLOCK2
462,CLOSE
463,CLOSEDOOR
464,CLOSEEYES
465,CLOSET1
466,CLOSET2
467,CLOTHES
468,CLOUD1
469,CLOUD2
470,CLOUD3
471,CLOUD4
472,CLOWN
473,CLUELESS
474,COACH
475,COCACOLA
476,COCAINE
477,COCONUT
478,COFFEE
479,COINS
480,COLD
481,COLLEGE
482,COLOR
483,COMB1
484,COMB2
485,COME
486,COMEHERE
487,COMEOUT
488,COMFORTABLE
489,COMMENT
490,COMMITTEE
491,COMMUNICATION
492,COMMUNITY
493,COMMUTE
494,COMPASS
495,COMPLAIN
496,COMPLEX
497,COMPUTER
498,COMPUTERMOUSE
499,CONCEPT
500,CONCERNED
501,CONDUCT1
502,CONDUCT2
503,CONDUCT3
504,CONFIDENT
505,CONFIDENTIAL
506,CONFLICT
507,CONFUSED1
508,CONFUSED2
509,CONGRATULATIONS
510,CONNECTION
511,CONSUME
512,CONTACT
513,CONTACTLENS
514,CONTINUE
515,CONVINCE1
516,CONVINCE2
517,COOK
518,COOKIE
519,COOL1
520,COOL2
521,COOL3
522,COOL4
523,COOPERATE
524,COPY
525,CORKSCREW1
526,CORKSCREW2
527,CORN1
528,CORN2
529,CORN3
530,CORNER
531,COST
532,COUCH
533,COUGH
534,COUNSELOR
535,COUNT
536,COUNTRY
537,COUSIN
538,COVERUP
539,COW
540,COWBOY
541,CRACK
542,CRACKER1
543,CRACKER2
544,CRANKY
545,CRASH
546,CRASHPLANE
547,CRAWL1
548,CRAWL2
549,CRAZY
550,CREAM1
551,CREAM2
552,CREATE
553,CREDITCARD
554,CREWCUT
555,CROCODILE
556,CROSS1
557,CROSS2
558,CROSS3
559,CROSSHEART
560,CROWN
561,CRUMPLE
562,CRY1
563,CRY2
564,CRY3
565,CRY4
566,CULTURE
567,CUP
568,CURIOUS
569,CURL1
570,CURL2
571,CURLYHAIR
572,CURTAIN
573,CURTSEY1
574,CURTSEY2
575,CUT
576,CUTE1
577,CUTE2
578,CUTREMOVEVID
579,DAMN
580,DANCE
581,DANCER
582,DANGER
583,DARK1
584,DARK2
585,DART
586,DATE
587,DAUGHTER
588,DAY
589,DEAF1
590,DEAF2
591,DEAFSCHOOL
592,DEALCARDS
593,DEATH
594,DECIDE1
595,DECIDE2
596,DECLINE
597,DECORATE1
598,DECORATE2
599,DEDICATE1
600,DEDICATE2
601,DEEP
602,DEER
603,DEFEAT
604,DEFLATE
605,DEGREE
606,DELEGATE
607,DELIBERATE
608,DELICIOUS
609,DELINQUENT
610,DEMAND1
611,DEMAND2
612,DEMOTE
613,DENT
614,DENTIST1
615,DENTIST2
616,DENY
617,DEODORANT
618,DEPARTMENT
619,DEPENDON
620,DEPRESS
621,DEPTH
622,DESERT
623,DESIGN
624,DESSERT
625,DESTROY
626,DEVELOP1
627,DEVELOP2
628,DEVIL
629,DEVOUR
630,DIAMOND
631,DIAPER
632,DICE
633,DICTIONARY
634,DIE
635,DIFFERENT
636,DIFFERENTSITUATION
637,DIG
638,DIGUP
639,DILEMMA
640,DININGROOM
641,DINNER1
642,DINNER2
643,DINOSAUR1
644,DINOSAUR2
645,DIP1
646,DIP2
647,DIP3
648,DIRECTOR
649,DIRTY
650,DISAGREEMENT
651,DISAPPEAR
652,DISAPPOINT
653,DISCONNECT
654,DISCUSS
655,DISLIKE
656,DISNEY
657,DISPATCH
658,DISRUPT
659,DISSECT
660,DISSOLVE
661,DISTRACTED
662,DIVE
663,DIVIDE
664,DIVORCE
665,DIZZY
666,DOCTOR1
667,DOCTOR2
668,DOCUMENT
669,DODO
670,DOESNTMATTER
671,DOG1
672,DOG2
673,DOG3
674,DOG4
675,DOLL
676,DOLPHIN1
677,DOLPHIN2
678,DOLPHIN3
679,DOMINANT
680,DONKEY
681,DONTCARE
682,DONTFEELLIKE
683,DONTKNOW
684,DONTLIKE
685,DONTMIND
686,DONTNEED
687,DONTWANT
688,DONUT
689,DOOR
690,DORMITORY
691,DOUBLE
692,DOUBT
693,DOWN
694,DOWNHILL
695,DOWNLOAD
696,DOWNSIZE1
697,DOWNSIZE2
698,DRAG1
699,DRAG2
700,DRAGON
701,DRAW
702,DRAWER
703,DREADLOCKS
704,DREAM
705,DRESS
706,DRESSER
707,DRESSUP
708,DRIBBLE
709,DRILL
710,DRINK1
711,DRINK2
712,DRIP
713,DRIVE
714,DROP
715,DROWN1
716,DROWN2
717,DROWN3
718,DROWN4
719,DROWN5
720,DRUG
721,DRUM
722,DRUNK
723,DRY
724,DRYER
725,DUCK1
726,DUCK2
727,DUE
728,DUMB
729,DUTY
730,DYE
731,EACH
732,EACHOTHER
733,EAGLE1
734,EAGLE2
735,EAR
736,EARLY
737,EARMUFFS
738,EARN
739,EARRING
740,EARSUP
741,EARTH
742,EARTHQUAKE
743,EASEL
744,EAST
745,EASTER
746,EASY
747,EASYTODO
748,EAT1
749,EAT2
750,ECLIPSE
751,EDGE
752,EDIT1
753,EDIT2
754,EFFECT
755,EGG
756,EGGBEATER
757,EGO
758,EGYPT
759,EIGHT
760,EITHER
761,ELECTRICIAN
762,ELECTROCUTE
763,ELEGANCE
764,ELEMENTARYSCHOOL
765,ELEPHANT
766,ELEVATOR1
767,ELEVATOR2
768,ELEVATOR3
769,ELEVEN
770,EMAIL
771,EMBARRASS
772,EMOTION
773,EMPEROR
774,EMPHASIS
775,EMPTY1
776,EMPTY2
777,END
778,ENEMY
779,ENERGY
780,ENGAGEMENT
781,ENGINEER
782,ENGINESTART
783,ENGLISH
784,ENJOY
785,ENOUGH
786,ENTER
787,ENVELOPE1
788,ENVELOPE2
789,ENVELOPE3
790,ENVELOPE4
791,ENVELOPE5
792,ENVIRONMENT
793,EQUAL
794,ERASE1
795,ERASE2
796,ERASE3
797,ERASE4
798,ERASE5
799,ERASER
800,ERUPT1
801,ERUPT2
802,ESCALATE
803,ESCALATOR
804,ESCAPE
805,EUROPE
806,EVALUATE
807,EVEN
808,EVENT
809,EVERYDAY
810,EVERYNIGHT
811,EVERYTHING
812,EVERYYEAR
813,EVIDENCE
814,EXAMPLE
815,EXCITED
816,EXCUSE
817,EXERCISE
818,EXPECT
819,EXPENSIVE
820,EXPERIENCE
821,EXPERIENCED
822,EXPERIMENT
823,EXPERT
824,EXPLANATION
825,EXPLODE
826,EXPRESS
827,EYEGLASSES
828,EYES
829,EYESAWAKE
830,EYETURN
831,FACE
832,FACULTY
833,FADE
834,FAIL
835,FAINT
836,FAIR
837,FAKE
838,FALL1
839,FALL2
840,FALLINGASLEEP
841,FAMILY
842,FAMOUS
843,FAN
844,FANTASY
845,FAR
846,FARM
847,FASCINATED
848,FASHION
849,FAST
850,FAT
851,FATHER
852,FAUCET
853,FAULT
854,FAVORITE
855,FEBRUARY
856,FEDUP
857,FEED1
858,FEED2
859,FEEDBACK
860,FEEL
861,FENCE1
862,FENCE2
863,FENCING
864,FEW
865,FIANCE
866,FIFTH
867,FIGHT
868,FIGURE
869,FILE1
870,FILE2
871,FILE3
872,FILLOUT
873,FILM
874,FILTER
875,FINALLY
876,FINANCE
877,FIND
878,FINE1
879,FINE2
880,FINGER
881,FINGERSCROSSED
882,FINGERSPELL
883,FINGERSPELLING
884,FINISH
885,FINS
886,FIRE
887,FIRED
888,FIREMAN1
889,FIREMAN2
890,FIRETRUCK
891,FIRST
892,FISH
893,FISHING1
894,FISHING2
895,FIT
896,FIX
897,FLAG1
898,FLAG2
899,FLASHLIGHT1
900,FLASHLIGHT2
901,FLASHLIGHT3
902,FLASHLIGHT4
903,FLIP
904,FLIPFLOPS
905,FLIPSWITCH
906,FLOAT1
907,FLOAT2
908,FLOAT3
909,FLOOR
910,FLOWER
911,FLUTE
912,FLY
913,FOCUS
914,FOLD1
915,FOLD2
916,FOLLOW1
917,FOLLOW2
918,FOLLOW3
919,FOLLOW4
920,FOND
921,FOOL
922,FOOTBALL
923,FOR
924,FORBID
925,FOREIGNER1
926,FOREIGNER2
927,FOREST
928,FOREVER1
929,FOREVER2
930,FORFEIT
931,FORGETFUL
932,FORK1
933,FORK2
934,FORK3
935,FORK4
936,FORM
937,FORMER
938,FOUL
939,FOUR
940,FOURTH
941,FOX
942,FRACTION
943,FRAME
944,FRANCE
945,FRAUD
946,FREAKOUT
947,FRECKLES
948,FREE
949,FREEDOM
950,FREEWAY
951,FREEZE
952,FRENCH
953,FRENCHFRIES
954,FRIDAY
955,FRIEND
956,FRIENDLY
957,FRIENDSNOMORE1
958,FRINGE
959,FRISK
960,FROG
961,FROM
962,FROMTHENON
963,FRONT
964,FROWN1
965,FROWN2
966,FRUIT
967,FRUSTRATE
968,FRY
969,FULL
970,FUN
971,FUNCTION
972,FUNNY
973,FURNITURE
974,FUTURE
975,FUZZY
976,GALLAUDET
977,GAMBLE
978,GAME
979,GARAGE
980,GARLIC
981,GAS
982,GATE
983,GATECLOSE
984,GAY
985,GENERATION
986,GERMANY
987,GESTURE
988,GET
989,GETINBED
990,GETINFORMATIONOUTOF
991,GETOFF
992,GETTHROUGH
993,GETTOGETHER
994,GHOST
995,GIFT
996,GIRAFFE
997,GIRL
998,GIVE
999,GIVEUP
1000,GLASS1
1001,GLASS2
1002,GLASS3
1003,GLASSES
1004,GLOVE
1005,GLOVES1
1006,GLOVES2
1007,GLOVES3
1008,GLOVES4
1009,GLOW
1010,GLUE1
1011,GLUE2
1012,GO
1013,GOAHEAD
1014,GOAL
1015,GOAT
1016,GOATEE
1017,GOBACKANDFORTH
1018,GOD
1019,GOINGTHROUGHAHARDTIME
1020,GOLD
1021,GOLF
1022,GONE
1023,GOOD
1024,GOODYGOODY
1025,GOODYGOODYSHOEOPPOSITE
1026,GOOSEBUMPS
1027,GORILLA
1028,GOSSIP
1029,GOTCHA
1030,GOTHROUGH
1031,GOTOJAIL
1032,GOVERNMENT
1033,GRAB
1034,GRADE
1035,GRADUATE
1036,GRADUATESCHOOL
1037,GRAMMAR
1038,GRANDFATHER
1039,GRANDMOTHER
1040,GRANDPARENTS
1041,GRAPES1
1042,GRAPES2
1043,GRASP
1044,GRASS
1045,GRAY
1046,GREAT
1047,GREECE
1048,GREEN
1049,GREENBEANS
1050,GREET1
1051,GREET2
1052,GRENADE
1053,GRIEVE
1054,GRIND
1055,GROUP
1056,GROW
1057,GROWUP
1058,GUESS1
1059,GUESS2
1060,GUIDE
1061,GUILLOTINE1
1062,GUILLOTINE2
1063,GUILTY
1064,GUITAR
1065,GULLIBLE
1066,GUM
1067,GUN1
1068,GUN2
1069,GUN3
1070,GYM
1071,HABIT
1072,HADENOUGH
1073,HAHA
1074,HAIR1
1075,HAIR2
1076,HAIRCLIPPER
1077,HAIRCUT
1078,HAIRDRESSER
1079,HAIRDRYER1
1080,HAIRDRYER2
1081,HAIRDRYER3
1082,HALF
1083,HALFHOUR
1084,HALL
1085,HALLOWEEN1
1086,HALLOWEEN2
1087,HAMBURGER
1088,HAMMER
1089,HAMSTER
1090,HANDCUFFS
1091,HANDS
1092,HANDSOAP
1093,HANDSOFF
1094,HANDSOME1
1095,HANDSOME2
1096,HANDSOME3
1097,HANDSOME4
1098,HANG
1099,HANGCLOTHES
1100,HANUKKAH
1101,HAPPEN
1102,HAPPY
1103,HARD
1104,HARDOFHEARING
1105,HARMONICA
1106,HARP
1107,HAT1
1108,HAT2
1109,HATBRIM
1110,HATCH1
1111,HATCH2
1112,HATE
1113,HAVE
1114,HAWAII
1115,HE
1116,HEAD
1117,HEADACHE
1118,HEADBACK
1119,HEADCOLD
1120,HEADGRIND
1121,HEADPHONES
1122,HEALTH
1123,HEAP
1124,HEAR1
1125,HEAR2
1126,HEARING
1127,HEARINGAID
1128,HEART
1129,HEARTBODY
1130,HEARTTOUCH
1131,HEAVEN
1132,HEAVY
1133,HELICOPTER1
1134,HELICOPTER2
1135,HELICOPTER3
1136,HELL
1137,HELLO
1138,HELMET1
1139,HELMET2
1140,HELP
1141,HEN
1142,HERE
1143,HIDE
1144,HIGH
1145,HIGHHEELS
1146,HIGHLIGHTER
1147,HIGHSCHOOL
1148,HINGE
1149,HIPPO1
1150,HIPPO2
1151,HIS
1152,HISTORY
1153,HIT1
1154,HIT2
1155,HITCHHIKE
1156,HOCKEY
1157,HOE
1158,HOLD1
1159,HOLD2
1160,HOLDACCOUNTABLE
1161,HOLDHANDS
1162,HOLDTOGETHER
1163,HOLIDAY
1164,HOLY
1165,HOME
1166,HOMEWORK
1167,HONEST
1168,HONEY1
1169,HONEY2
1170,HONGKONG
1171,HONK
1172,HONOR
1173,HOOD
1174,HOODIE1
1175,HOODIE2
1176,HOP
1177,HOPE
1178,HORRIBLE
1179,HORSE
1180,HOSE
1181,HOSPITAL1
1182,HOSPITAL2
1183,HOT
1184,HOTCOMPETITION
1185,HOTDOG
1186,HOTEL
1187,HOUR
1188,HOUSE
1189,HOW1
1190,HOW2
1191,HOWL
1192,HUG
1193,HUMBLE
1194,HUMMINGBIRD
1195,HUMOR
1196,HUNDRED
1197,HUNGRY
1198,HUNT
1199,HURDLE/TRIP1
1200,HURDLE/TRIP2
1201,HURRICANE
1202,HURRY
1203,HURT
1204,HUSBAND
1205,HYPOCRITE
1206,ICE
1207,ICECREAM
1208,IDEA
1209,IDENTITY
1210,IF
1211,IGNORE
1212,ILOVEYOU
1213,IMAGINE1
1214,IMAGINE2
1215,IMMATURE
1216,IMMERSE
1217,IMPACT
1218,IMPORTANT
1219,IMPOSSIBLE
1220,IMPRESS
1221,IMPROVE
1222,IN
1223,INCH
1224,INCREDIBLE
1225,INDEPENDENT
1226,INDIAN
1227,INEPT
1228,INFECTION
1229,INFLUENCE
1230,INHALE
1231,INJECT
1232,INNOCENT
1233,INSIDE
1234,INSPIRE
1235,INSPIRING
1236,INSTAGRAM
1237,INSTEAD
1238,INSTINCT
1239,INSTITUTE
1240,INSULT
1241,INSURANCE
1242,INTELLIGENT
1243,INTENTIONAL
1244,INTEREST
1245,INTERESTED
1246,INTERNET
1247,INTERPRET
1248,INTERPRETER
1249,INTERVENE
1250,INTERVIEW
1251,INTRODUCE
1252,INTUITIVE
1253,INVEST
1254,INVISIBLE
1255,INVITE
1256,IPHONE
1257,IRON1
1258,IRON2
1259,IRON3
1260,ISLAND
1261,ISOLATED
1262,ISRAEL
1263,ITALY
1264,ITCH
1265,JACKET1
1266,JACKET2
1267,JACKET3
1268,JACKET4
1269,JAPAN
1270,JAR
1271,JAWDROP
1272,JEALOUS
1273,JELLY
1274,JELLYFISH
1275,JEWELRY
1276,JEWISH
1277,JIGSAWPUZZLE
1278,JOIN
1279,JOKE
1280,JOURNEY
1281,JUDGE
1282,JUGGLE
1283,JUGGLER
1284,JUICE1
1285,JUICE2
1286,JUMP
1287,JUMPROPE
1288,JUNIOR
1289,KANGAROO1
1290,KANGAROO2
1291,KANGAROO3
1292,KEEP
1293,KEY
1294,KEYBOARD
1295,KICK1
1296,KICK2
1297,KID
1298,KILL
1299,KINDERGARTEN
1300,KING
1301,KISS1
1302,KISS2
1303,KISS3
1304,KISSFIST
1305,KISSONCHEEK
1306,KITCHEN
1307,KITE1
1308,KITE2
1309,KITTEN
1310,KNEEL
1311,KNIFE1
1312,KNIFE2
1313,KNIGHT1
1314,KNIGHT2
1315,KNIGHT3
1316,KNIGHT4
1317,KNITTING1
1318,KNITTING2
1319,KNITTING3
1320,KNOCK
1321,KNOCKOFF
1322,KNOW
1323,KNOWNOTHING
1324,LABEL
1325,LAMP1
1326,LAMP2
1327,LAND
1328,LANGUAGE
1329,LAPTOP
1330,LAST
1331,LASTWEEK
1332,LATE
1333,LATER
1334,LAUGH
1335,LAW
1336,LAWNMOWER
1337,LAWYER
1338,LAYDOWN
1339,LAZY
1340,LEAD
1341,LEAF1
1342,LEAF2
1343,LEAGUE
1344,LEAK
1345,LEARN
1346,LEARNLESSON
1347,LEATHER
1348,LEAVE
1349,LEAVEALONE
1350,LECTURE
1351,LEFT
1352,LEMON1
1353,LEMON2
1354,LEND
1355,LESBIAN
1356,LESS
1357,LESSON
1358,LETGO
1359,LETKNOW
1360,LETMESEE
1361,LETTER1
1362,LETTER2
1363,LETTUCE1
1364,LETTUCE2
1365,LIBRARY
1366,LICENSE
1367,LICK1
1368,LICK2
1369,LICKENVELOPE1
1370,LICKENVELOPE2
1371,LIE
1372,LIFT1
1373,LIFT2
1374,LIGHT
1375,LIGHTCANDLE
1376,LIGHTER
1377,LIGHTNING
1378,LIGHTSON
1379,LIGHTWEIGHT
1380,LIKE
1381,LIMITED
1382,LINE
1383,LINGUISTICS
1384,LION
1385,LIPREAD
1386,LIPS
1387,LIPSTICK
1388,LIST
1389,LISTEN
1390,LIVE1
1391,LIVE2
1392,LIVINGROOM
1393,LOAD1
1394,LOAD2
1395,LOBSTER1
1396,LOBSTER2
1397,LOBSTER3
1398,LOCK1
1399,LOCK2
1400,LOCK3
1401,LOCKER
1402,LOLLIPOP
1403,LONELY
1404,LONG
1405,LONGAGO
1406,LONGLINE
1407,LONGTIME
1408,LONGWORD
1409,LOOKAPPEARANCE
1410,LOOKAT
1411,LOOKBACK
1412,LOOKFOR
1413,LOOKFORWARD
1414,LOOKLIKE
1415,LOSE
1416,LOSEGAME
1417,LOST
1418,LOUD
1419,LOUSY
1420,LOVE
1421,LOYAL
1422,LUCK
1423,LUCKY
1424,LUNCH1
1425,LUNCH2
1426,LUNGS
1427,MACHINE
1428,MAD
1429,MAGAZINE
1430,MAGIC
1431,MAGNET1
1432,MAGNET2
1433,MAGNET3
1434,MAGNET4
1435,MAGNIFY1
1436,MAGNIFY2
1437,MAID
1438,MAIL1
1439,MAIL2
1440,MAILMAN
1441,MAINSTREAM
1442,MAJOR
1443,MAKE
1444,MAKEBELIEVE
1445,MAN
1446,MANAGE
1447,MANY
1448,MAPLE
1449,MARCH
1450,MARIONETTE
1451,MARRY
1452,MASCARA
1453,MASSAGE
1454,MATCH
1455,MATH
1456,MAYBE
1457,MCDONALDS
1458,ME
1459,MEACULPA
1460,MEAN1
1461,MEAN2
1462,MEASURE1
1463,MEASURE2
1464,MEAT1
1465,MEAT2
1466,MECHANIC1
1467,MECHANIC2
1468,MEDICINE
1469,MEDITATE1
1470,MEDITATE2
1471,MEDITATE3
1472,MEET
1473,MEETING
1474,MEGAPHONE
1475,MELON
1476,MELT
1477,MEMBER
1478,MEMORIZE
1479,MEMORIZEMEMORIZE
1480,MENTION
1481,MESS
1482,METAL
1483,METAPHOR
1484,MEXICAN1
1485,MEXICAN2
1486,MICROPHONE
1487,MICROSCOPE1
1488,MICROSCOPE2
1489,MICROSCOPE3
1490,MICROWAVE
1491,MIDDLE
1492,MILK1
1493,MILK2
1494,MIME
1495,MIND
1496,MINDTURNED
1497,MINE
1498,MINIMUM1
1499,MINIMUM2
1500,MINUTE
1501,MIRROR
1502,MISCHIEVOUS
1503,MISS
1504,MISSING
1505,MISUNDERSTAND
1506,MIX1
1507,MIX2
1508,MIX3
1509,MOCK
1510,MODEL1
1511,MODEL2
1512,MONDAY
1513,MONEY1
1514,MONEY2
1515,MONKEY
1516,MONSTER
1517,MONTH
1518,MOON
1519,MOOSE
1520,MOP1
1521,MOP2
1522,MORE
1523,MORNING
1524,MOSQUITO
1525,MOST
1526,MOTHER
1527,MOTIVATION1
1528,MOTIVATION2
1529,MOTORCYCLE
1530,MOUNTAIN1
1531,MOUNTAIN2
1532,MOUSE
1533,MOUTH
1534,MOVE
1535,MOVEDOWN
1536,MOVIE1
1537,MOVIE2
1538,MUCH
1539,MUMMY
1540,MURDER
1541,MUSCLE
1542,MUSEUM
1543,MUSHROOM
1544,MUSIC
1545,MUST
1546,MUSTACHE
1547,MY
1548,MYSELF
1549,NAIL
1550,NAILCLIPPER
1551,NAKED
1552,NAME
1553,NAPKIN
1554,NAVEL
1555,NAVY
1556,NEAR
1557,NECK
1558,NECKLACE1
1559,NECKLACE2
1560,NECKLACE3
1561,NECKLACE4
1562,NEED
1563,NEEDLE
1564,NEGATIVE
1565,NEPHEW
1566,NERVE
1567,NET
1568,NETWORK
1569,NEUTRAL
1570,NEVER
1571,NEW
1572,NEWSPAPER
1573,NEWSTOME
1574,NEWYORK
1575,NEXT
1576,NEXTDOWN
1577,NEXTTO
1578,NEXTYEAR
1579,NICE
1580,NIECE
1581,NIGHT1
1582,NIGHT2
1583,NINE
1584,NO
1585,NOBIGDEAL
1586,NOISE
1587,NONE
1588,NONSENSE
1589,NOON1
1590,NOON2
1591,NOOSE
1592,NORMAL
1593,NORTH
1594,NOSE
1595,NOSEBLEED
1596,NOT
1597,NOTATHING
1598,NOTCARE
1599,NOTHING1
1600,NOTHING2
1601,NOTHINGATALL
1602,NOTINTERESTED
1603,NOTMIND
1604,NOTUNDERSTAND
1605,NOTUSEDTO
1606,NOTYET
1607,NOW
1608,NUMBERS
1609,NURSE
1610,NUT1
1611,NUT2
1612,OBSESS
1613,OBVIOUS
1614,OCEAN
1615,OCTOPUS
1616,OFF
1617,OFFEND
1618,OFFHAND
1619,OFFICE
1620,OFFTHEPOINT
1621,OFTEN
1622,OHISEE
1623,OIL1
1624,OIL2
1625,OIL3
1626,OK
1627,OLD
1628,OLDEST
1629,ON
1630,ONCE
1631,ONE
1632,ONEMORE1
1633,ONEMORE2
1634,ONEYEARAGO
1635,ONION
1636,ONLYONE
1637,OOH
1638,OOPS
1639,OPEN
1640,OPENBOOK
1641,OPENWALLET
1642,OPERATEMACHINE
1643,OPINION1
1644,OPINION2
1645,OPPORTUNITY
1646,OPTION
1647,OR
1648,ORAL
1649,ORANGE
1650,ORANGEEYES
1651,ORANGETHROAT
1652,ORDER1
1653,ORDER2
1654,ORGANIZATION
1655,OSTRICH
1656,OTHER
1657,OUR
1658,OUT
1659,OUTSIDE
1660,OVER
1661,OVERLOOK
1662,OVERNIGHT
1663,OVERTAKE
1664,OVERWHELMED
1665,OWE
1666,OWL
1667,OWN
1668,PACK
1669,PAGE
1670,PAGEANT
1671,PAIN
1672,PAINT
1673,PAINTBRUSH
1674,PAIR
1675,PANCAKE
1676,PANTS1
1677,PANTS2
1678,PAPER
1679,PAPERCUTTER
1680,PARACHUTE1
1681,PARACHUTE2
1682,PARACHUTE3
1683,PARADE
1684,PARAGRAPH
1685,PARALLEL
1686,PARANOID
1687,PARENTS
1688,PARK
1689,PARTY1
1690,PARTY2
1691,PASS
1692,PASSOUT
1693,PASSPORT
1694,PAST
1695,PATIENT1
1696,PATIENT2
1697,PATIENT3
1698,PAY
1699,PAYOFFBILLS
1700,PEACE
1701,PEACH1
1702,PEACH2
1703,PEACOCK
1704,PEANUTBUTTER
1705,PEAR
1706,PEAS1
1707,PEAS2
1708,PECK
1709,PEEKABOO
1710,PEEL1
1711,PEEL2
1712,PEEL3
1713,PEG1
1714,PEG2
1715,PEG3
1716,PEN
1717,PENCIL
1718,PENGUIN
1719,PENIS
1720,PENNY
1721,PEOPLE
1722,PEPPER
1723,PEPSI
1724,PERCEIVE
1725,PERCENT
1726,PERFECT
1727,PERFUME1
1728,PERFUME2
1729,PERIOD
1730,PERMISSION
1731,PERSISTENT
1732,PERSON
1733,PERSPECTIVE
1734,PERSUADE
1735,PET1
1736,PET2
1737,PHARMACIST
1738,PHILADELPHIA
1739,PHILOSOPHY
1740,PHONE
1741,PHOTOGRAPHY
1742,PHYSICS
1743,PIANO
1744,PICK
1745,PICKLE
1746,PICNIC
1747,PICTURE
1748,PIE
1749,PIG
1750,PILE
1751,PILL
1752,PILLOW1
1753,PILLOW2
1754,PILLOW3
1755,PINCH1
1756,PINCH2
1757,PINEAPPLE1
1758,PINEAPPLE2
1759,PINEAPPLE3
1760,PINEAPPLE4
1761,PINEAPPLE5
1762,PINK
1763,PINON
1764,PIPE1
1765,PIPE2
1766,PIPE3
1767,PIPE4
1768,PIRATE
1769,PISSEDOFF
1770,PITCHER
1771,PITY
1772,PIZZA1
1773,PIZZA2
1774,PIZZACUTTER
1775,PJS
1776,PLACE
1777,PLAIN
1778,PLAN
1779,PLANET
1780,PLANT
1781,PLATE
1782,PLATFORM
1783,PLAY
1784,PLAYERS
1785,PLAYGROUND
1786,PLEASE
1787,PLENTY
1788,PLIERS
1789,PLOW1
1790,PLOW2
1791,PLUG1
1792,PLUG2
1793,PLUMMET
1794,PLUNGER
1795,PLUS
1796,POINT
1797,POINTINDEX
1798,POLE
1799,POLICEMAN1
1800,POLICEMAN2
1801,POLICY
1802,POLISH
1803,PONDER
1804,POOLGAME
1805,POOP
1806,POOR
1807,POP1
1808,POP2
1809,POP3
1810,POP4
1811,POPCORN
1812,POPE
1813,POPULAR
1814,PORCUPINE
1815,POSITIVE
1816,POSSIBLE
1817,POSSUM
1818,POSTPONE
1819,POTATO
1820,POUR1
1821,POUR2
1822,POWDER
1823,POWER
1824,PRACTICE
1825,PRAYER
1826,PREACHER
1827,PRECIOUS
1828,PREDICT
1829,PREFER
1830,PREGNANT
1831,PRESIDENT
1832,PRESS
1833,PRESSINMIND
1834,PRETEND
1835,PRETTY
1836,PRICE
1837,PRIDE
1838,PRIEST
1839,PRINCE
1840,PRINCIPAL
1841,PRINT
1842,PRIORITY
1843,PRISON
1844,PROBLEM1
1845,PROBLEM2
1846,PROCESS
1847,PRODUCESIGN
1848,PROFOUNDLYDEAF
1849,PROGRAM
1850,PROJECT
1851,PROMISE
1852,PROMOTE
1853,PROOF
1854,PROPELLER
1855,PROPOSE
1856,PROTECTION
1857,PROTEST
1858,PROVIDE
1859,PROXIMALIZATION
1860,PSYCHOLOGIST
1861,PSYCHOLOGY
1862,PUBLIC
1863,PULL
1864,PULLCONVINCE
1865,PUMPKIN
1866,PUNCHFACE
1867,PUNISH
1868,PURPLE
1869,PUSH
1870,PUT
1871,PUTASIDE
1872,PUTINBACKMIND
1873,PUZZLED
1874,QM
1875,QTIP
1876,QUALITY
1877,QUARTER
1878,QUEEN
1879,QUIET
1880,QUIT
1881,RABBIT1
1882,RABBIT2
1883,RACE
1884,RACECARTRACK
1885,RADIO
1886,RAIN
1887,RAINBOW
1888,RAISIN
1889,RAKE
1890,RANGE
1891,RAT
1892,RAZOR1
1893,RAZOR2
1894,REACH
1895,REACT
1896,READ
1897,READY
1898,REALLY
1899,REALLYINTO
1900,REALSICK
1901,REASON
1902,RECENT1
1903,RECENT2
1904,RECITE
1905,RECORD
1906,RECORDING
1907,RED
1908,REDFACED
1909,REDUCE
1910,REFLECT
1911,REFRIGERATOR
1912,REFUSE
1913,REGISTER
1914,REGULAR
1915,RELATIONSHIP
1916,RELAX1
1917,RELAX2
1918,RELEASE
1919,RELIEF
1920,RELIGION
1921,REMEMBER1
1922,REMEMBER2
1923,REMIND
1924,REMOTECONTROL
1925,REMOVE
1926,REPLACE
1927,REQUEST
1928,RESCUE
1929,RESEARCH1
1930,RESEARCH2
1931,RESENT
1932,RESIGN
1933,RESIST
1934,RESPECT
1935,RESPONSIBILITY
1936,REST
1937,RESTALLDAY
1938,RESTAURANT
1939,RESTLESS
1940,RESULT
1941,RETIRE
1942,RETRIEVE
1943,REVENGE
1944,RHINO1
1945,RHINO2
1946,RHINO3
1947,RIBBONAWARD
1948,RICH
1949,RIDE1
1950,RIDE2
1951,RIGHT1
1952,RIGHT2
1953,RIGHT3
1954,RING
1955,RISK
1956,RIVER1
1957,RIVER2
1958,ROAD
1959,ROAR1
1960,ROAR2
1961,ROAST
1962,ROB
1963,ROBOT
1964,ROCK
1965,ROCKET1
1966,ROCKET2
1967,ROCKINGCHAIR1
1968,ROCKINGCHAIR2
1969,ROLE
1970,ROLL
1971,ROLLERBLADING
1972,ROLLERSKATING
1973,ROLLUPSLEEVES
1974,ROOF
1975,ROOM
1976,ROOMMATE
1977,ROOSTER
1978,ROPE
1979,ROSE
1980,ROUGH
1981,ROW
1982,RUDE
1983,RUIN
1984,RULE
1985,RULER
1986,RUN1
1987,RUN2
1988,RUNFAUCET
1989,RUNOUTOF
1990,RUSH
1991,RUSSIA
1992,SAD
1993,SAFE
1994,SAIL1
1995,SAIL2
1996,SAILBOAT
1997,SALAD
1998,SALT
1999,SALTSHAKER
2000,SAME1
2001,SAME2
2002,SAMESAME
2003,SAMETIME
2004,SANDALS
2005,SANDWICH1
2006,SANDWICH2
2007,SANDWICH3
2008,SANDWICH4
2009,SANTA
2010,SARCASTIC
2011,SATURDAY
2012,SAUCE
2013,SAUSAGE
2014,SAVE
2015,SAVEMONEY
2016,SAW1
2017,SAW2
2018,SAXOPHONE
2019,SCAN
2020,SCARCELY
2021,SCARED
2022,SCARF1
2023,SCARF2
2024,SCARF3
2025,SCARF4
2026,SCARMEMORY
2027,SCHOOL
2028,SCIENCE
2029,SCIENTIST
2030,SCISSORS
2031,SCOLD
2032,SCOOP
2033,SCORE
2034,SCOUT
2035,SCRATCH
2036,SCREAM
2037,SCREWDRIVER1
2038,SCREWDRIVER2
2039,SCREWDRIVER3
2040,SCRIPT
2041,SCROLLDOWN
2042,SCRUB
2043,SCULPT
2044,SCULPTURE
2045,SEAL
2046,SECRET
2047,SECRETARY
2048,SEE
2049,SEEM
2050,SEESEE
2051,SELECT
2052,SELF
2053,SELL
2054,SENATE
2055,SEND
2056,SENIORCITIZEN
2057,SENSITIVE
2058,SENTENCE1
2059,SENTENCE2
2060,SEQUENCE
2061,SERIOUS
2062,SERVE1
2063,SERVE2
2064,SETUP
2065,SEVEN
2066,SEVERAL
2067,SEW
2068,SHAKE1
2069,SHAKE2
2070,SHAKESPEARE
2071,SHAME
2072,SHAMEONYOU
2073,SHAMPOO
2074,SHAPE
2075,SHARE
2076,SHARK1
2077,SHARK2
2078,SHARP1
2079,SHARP2
2080,SHARPEN1
2081,SHARPEN2
2082,SHARPEN3
2083,SHAVE1
2084,SHAVE2
2085,SHAVE3
2086,SHAVE4
2087,SHAVE5
2088,SHEEP
2089,SHELF
2090,SHIELD
2091,SHINY
2092,SHIRT1
2093,SHIRT2
2094,SHOCKED
2095,SHOES
2096,SHOOT1
2097,SHOOT2
2098,SHOOTING
2099,SHOP1
2100,SHOP2
2101,SHORTDISTANCE
2102,SHORTPERSON
2103,SHORTS
2104,SHORTWORD
2105,SHOT
2106,SHOULD
2107,SHOULDER1
2108,SHOULDER2
2109,SHOULDER3
2110,SHOUT1
2111,SHOUT2
2112,SHOVEL1
2113,SHOVEL2
2114,SHOW
2115,SHOWER
2116,SHRIMP
2117,SHUTOUT
2118,SHY
2119,SICK
2120,SIDE
2121,SIDEBURNS
2122,SIGN
2123,SIGNATURE
2124,SIGNINGFLUENTLY
2125,SIGNLANGUAGE
2126,SIGNPAPER
2127,SILLY
2128,SILVER
2129,SINCE
2130,SING
2131,SINGLE
2132,SINGLEOUT
2133,SINK
2134,SIREN
2135,SISTER
2136,SIT
2137,SITUATION
2138,SIX
2139,SKATE
2140,SKATEBOARDING1
2141,SKATEBOARDING2
2142,SKATEBOARDING3
2143,SKI
2144,SKI-CA
2145,SKILL
2146,SKIN
2147,SKIRT
2148,SKUNK
2149,SLAVE
2150,SLED1
2151,SLED2
2152,SLEEP
2153,SLICE1
2154,SLICE2
2155,SLICE3
2156,SLICE4
2157,SLIDE1
2158,SLIDE2
2159,SLINGSHOT
2160,SLIP1
2161,SLIP2
2162,SLIPPER
2163,SLOW
2164,SMALL
2165,SMART
2166,SMELL
2167,SMELLMONEY
2168,SMILE1
2169,SMILE2
2170,SMOKE
2171,SMOKING
2172,SMOOTH
2173,SNAIL
2174,SNAKE
2175,SNAP
2176,SNAPSTICK
2177,SNEAKADVENTURE
2178,SNEEZE1
2179,SNEEZE2
2180,SNOB
2181,SNORKEL
2182,SNOW1
2183,SNOW2
2184,SNOWBOARD
2185,SNOWMAN
2186,SNOWSUIT
2187,SO
2188,SOAP1
2189,SOAP2
2190,SOCCER1
2191,SOCCER2
2192,SOCIAL
2193,SOCIALIZE
2194,SOCIETY
2195,SOCKS
2196,SODA
2197,SOFA
2198,SOFT
2199,SOFTBALL
2200,SOME
2201,SOMERSAULT1
2202,SOMERSAULT2
2203,SOMERSAULT3
2204,SOMETHING
2205,SOMETIMES
2206,SON
2207,SOON1
2208,SOON2
2209,SOPHISTICATED
2210,SOPHOMORE
2211,SORRY
2212,SOUND
2213,SOUP
2214,SOUR
2215,SOUTH
2216,SOW
2217,SPACE
2218,SPACESHIP
2219,SPAGHETTI
2220,SPAIN
2221,SPEAKERS
2222,SPECIAL1
2223,SPECIAL2
2224,SPECIALIST
2225,SPECIFIC
2226,SPEND
2227,SPENDLOTSOFMONEY
2228,SPICY
2229,SPIDER
2230,SPILL1
2231,SPILL2
2232,SPITOUT
2233,SPLASH-CA
2234,SPONTANEOUS
2235,SPOON
2236,SPORTS
2237,SPOTSOMETHING
2238,SPREAD1
2239,SPREAD2
2240,SPREAD3
2241,SPRING
2242,SQUARE
2243,SQUAREIDIOT
2244,SQUEEZE
2245,SQUIRREL
2246,SSHH
2247,STACK1
2248,STACK2
2249,STACK3
2250,STACK4
2251,STADIUM
2252,STAFF
2253,STAIRS
2254,STAMP1
2255,STAMP2
2256,STAMP3
2257,STAND-UP
2258,STAND1
2259,STAND2
2260,STAPLER
2261,STAR
2262,STARBUCKS
2263,STARE
2264,STARS
2265,START
2266,STATE
2267,STAY
2268,STAYAWAKE24HRS
2269,STEAK
2270,STEAL
2271,STEAM
2272,STEP
2273,STETHOSCOPE1
2274,STETHOSCOPE2
2275,STETHOSCOPE3
2276,STETHOSCOPE4
2277,STICKY
2278,STILL
2279,STIMULATE
2280,STING
2281,STINK
2282,STIR
2283,STOCKINGS
2284,STOMACH
2285,STOP
2286,STOPWATCH
2287,STORY1
2288,STORY2
2289,STORY3
2290,STRAIGHT
2291,STRAIN1
2292,STRAIN2
2293,STRANGE
2294,STRANGLE
2295,STRAW
2296,STRAWBERRY1
2297,STRAWBERRY2
2298,STRAWBERRY3
2299,STRAWBERRY4
2300,STREET
2301,STRESS
2302,STRETCH-CA
2303,STRETCH1
2304,STRETCH2
2305,STRICT
2306,STRING
2307,STRIPE
2308,STRONG
2309,STRUCTURE
2310,STRUGGLE
2311,STUBBORN
2312,STUCK
2313,STUDENT
2314,STUDY
2315,STUMBLE
2316,STUPID1
2317,STUPID2
2318,SUBTRACT
2319,SUCK
2320,SUCKTHUMB
2321,SUIT
2322,SUMMARIZE
2323,SUMMER
2324,SUMMON
2325,SUN
2326,SUNBATHE1
2327,SUNBATHE2
2328,SUNDAY
2329,SUNRISE
2330,SUNSET
2331,SUPERIOR
2332,SUPERVISE
2333,SUPERVISOR
2334,SUPPORT1
2335,SUPPORT2
2336,SURE
2337,SURF
2338,SURGEON
2339,SURGERY
2340,SURPRISE
2341,SUSHI
2342,SUSPECT
2343,SUSPEND
2344,SUSPENDERS1
2345,SUSPENDERS2
2346,SWALLOW
2347,SWEARIN
2348,SWEAT
2349,SWEATER1
2350,SWEATER2
2351,SWEATER3
2352,SWEATPANTS
2353,SWEATSHIRT
2354,SWEEP
2355,SWEET
2356,SWEETHEART
2357,SWIM1
2358,SWIM2
2359,SWING1
2360,SWING2
2361,SWITZERLAND
2362,SWORD
2363,SYMPATHY
2364,SYSTEM
2365,TABLE
2366,TABLET
2367,TAIL1
2368,TAIL2
2369,TAKE
2370,TAKECARE
2371,TAKENOTES
2372,TAKEOFF1
2373,TAKEOFF2
2374,TAKEPILL
2375,TALK1
2376,TALK2
2377,TALKDIRTY
2378,TALL1
2379,TALL2
2380,TAN
2381,TANKTOP
2382,TAPE
2383,TASTE
2384,TEA
2385,TEACH1
2386,TEACH2
2387,TEACHER
2388,TEAM
2389,TEAR
2390,TEARRIP1
2391,TEARRIP2
2392,TEASE
2393,TECHNOLOGY
2394,TEENAGER
2395,TEETH
2396,TELL
2397,TEMPERBLOWUP
2398,TEMPORARY
2399,TEMPTATION
2400,TENDENCY
2401,TENDYOUR
2402,TENNIS
2403,TENT
2404,TEST
2405,TEXT
2406,THAN
2407,THANKSGIVING
2408,THANKYOU
2409,THAT
2410,THEATRE
2411,THEN
2412,THEORY
2413,THERAPY
2414,THERE
2415,THERMOMETER
2416,THESE
2417,THEY1
2418,THEY2
2419,THIEF1
2420,THIEF2
2421,THIN
2422,THINGS
2423,THINK
2424,THINKCHIN
2425,THINKCONNECT
2426,THINKEXPAND
2427,THINKOBSESS
2428,THINKOVER
2429,THINKPENETRATE
2430,THINKPONDER
2431,THIRD1
2432,THIRD2
2433,THIRSTY
2434,THIS/IT
2435,THOUGHTDISAPPEAR
2436,THREE
2437,THRILLED
2438,THROW1
2439,THROW2
2440,THROWAWAY
2441,THUNDER
2442,THURSDAY
2443,TICKET
2444,TICKLE
2445,TIE1
2446,TIE2
2447,TIEUP1
2448,TIEUP2
2449,TIGER
2450,TIME
2451,TIMEOUT
2452,TIMEPROGRESS
2453,TIMETOTIME
2454,TINY
2455,TIRED
2456,TIREDOF
2457,TISSUE
2458,TO
2459,TOAGOAL
2460,TOAST
2461,TOBACCO
2462,TODAY
2463,TOGETHER
2464,TOILET
2465,TOMATO
2466,TOMORROW
2467,TONGUE
2468,TOOMUCH
2469,TOOTHBRUSH
2470,TOOTHBRUSH-CA
2471,TOP
2472,TOPIC
2473,TORNADO
2474,TOSS
2475,TOSSOUT
2476,TOTAL
2477,TOUCH
2478,TOUGH
2479,TOURNAMENT
2480,TOW1
2481,TOW2
2482,TOW3
2483,TOWEL
2484,TOY1
2485,TOY2
2486,TOY3
2487,TRACTOR
2488,TRADITION
2489,TRAFFIC
2490,TRAIN
2491,TRANSFER
2492,TRANSGENDER
2493,TRANSLATE
2494,TRASH
2495,TRAVEL
2496,TREE
2497,TRIANGLE
2498,TRIM1
2499,TRIM2
2500,TRIP1
2501,TRIP2
2502,TRIPLE
2503,TROPHY
2504,TROUBLE
2505,TRUCK1
2506,TRUCK2
2507,TRUEBUSINESS
2508,TRUTH
2509,TRY
2510,TTY
2511,TUBE
2512,TUBETOP
2513,TUESDAY
2514,TURBAN
2515,TURKEY1
2516,TURKEY2
2517,TURN
2518,TURNAROUND
2519,TURNKEY
2520,TURTLE
2521,TV
2522,TWINS1
2523,TWINS2
2524,TWIRL
2525,TWO
2526,TWOMORE
2527,TWOOFUS
2528,TWOWEEKS
2529,TYPE1
2530,TYPE2
2531,UDDER
2532,UGLY
2533,UMBRELLA
2534,UNAWARE
2535,UNCERTAIN
2536,UNCLE
2537,UNDER
2538,UNDERGRADUATE
2539,UNDERSTAND
2540,UNDERWEAR1
2541,UNDERWEAR2
2542,UNICORN
2543,UNIQUE
2544,UNIVERSE
2545,UNIVERSITY
2546,UNTIL
2547,UP
2548,UPLOAD
2549,UPSET1
2550,UPSET2
2551,US
2552,USE
2553,VACATION
2554,VACUUM
2555,VAGINA
2556,VAIN
2557,VALIDATE
2558,VALLEY
2559,VALUE
2560,VAMPIRE
2561,VANILLA
2562,VANISH
2563,VASE
2564,VEGETABLE
2565,VERB
2566,VERY
2567,VERYINTERESTED
2568,VEST
2569,VIBRATE
2570,VIDEOCAMERA1
2571,VIDEOCAMERA2
2572,VIDEOGAME
2573,VIDEOPHONE
2574,VIEW
2575,VILLAGE
2576,VIOLIN
2577,VISION
2578,VISIT
2579,VISITOR
2580,VISUALIZE
2581,VITAMINS
2582,VLOG
2583,VOCABULARY
2584,VOICE
2585,VOLLEYBALL
2586,VOLUNTEER
2587,VOMIT
2588,VOTE
2589,W.H.A.T
2590,WADE1
2591,WADE2
2592,WAIT
2593,WAITER
2594,WALK-TIGHTROPE-CL
2595,WALK1
2596,WALK2
2597,WALL
2598,WALLET
2599,WALRUS
2600,WAND
2601,WANDER
2602,WANT1
2603,WANT2
2604,WAR
2605,WARM
2606,WARN
2607,WASH1
2608,WASH2
2609,WASHDISHES
2610,WASHFACE1
2611,WASHFACE2
2612,WASHHANDS
2613,WASHMACHINE
2614,WASTE
2615,WATCH
2616,WATER
2617,WATERDROP
2618,WATERSKI
2619,WAVE
2620,WAY
2621,WE
2622,WEAK
2623,WEAR
2624,WEATHER
2625,WEAVE
2626,WEDDING
2627,WEDNESDAY
2628,WEEK
2629,WEEKEND
2630,WEIGH
2631,WEIGHT
2632,WEIRD
2633,WELCOME1
2634,WELCOME2
2635,WELL
2636,WEST
2637,WET
2638,WEWILLSEE
2639,WHALE
2640,WHAT1
2641,WHAT2
2642,WHATEVER
2643,WHATFOR1
2644,WHATFOR2
2645,WHATFOR3
2646,WHEEL
2647,WHEELBARROW
2648,WHEELCHAIR
2649,WHEN
2650,WHERE
2651,WHICH
2652,WHILE
2653,WHIP
2654,WHISPER
2655,WHISTLE1
2656,WHISTLE2
2657,WHITE
2658,WHITEPERSON
2659,WHO
2660,WHOLE
2661,WHY
2662,WHYNOT
2663,WIDE
2664,WIFE
2665,WILL
2666,WILLGO
2667,WIN
2668,WIND
2669,WINDMILL1
2670,WINDMILL2
2671,WINDMILL3
2672,WINDOW
2673,WINDOWOPEN
2674,WINDY
2675,WINE
2676,WINK
2677,WINTER
2678,WISE
2679,WISH
2680,WITCH1
2681,WITCH2
2682,WITH
2683,WITHOUT
2684,WOLF
2685,WOMAN1
2686,WOMAN2
2687,WONDER
2688,WOOD
2689,WORD
2690,WORK
2691,WORKOUT
2692,WORKSHOP
2693,WORLD
2694,WORM
2695,WORRY
2696,WORSE
2697,WOW
2698,WRAP
2699,WRAPUP1
2700,WRAPUP2
2701,WRESTLE
2702,WRING
2703,WRISTWATCH1
2704,WRISTWATCH2
2705,WRISTWATCH3
2706,WRITE
2707,WRITEONWALL
2708,WRONG
2709,YAWN1
2710,YAWN2
2711,YAWN3
2712,YAWN4
2713,YAY
2714,YEAH
2715,YEAR
2716,YELLOW
2717,YES
2718,YESTERDAY
2719,YOU
2720,YOUNG
2721,YOUR
2722,YOURSELF
2723,YOYO
2724,YUCKY
2725,ZEBRA
2726,ZERO
2727,ZIPPER
2728,ZOO
2729,ZOOMIN
2730,ZOOMOFF
2731,True
